{"train/loss_cls": 0.6041922700405121, "train/loss_bbox": 0.6584921556711197, "train/loss_dfl": 0.38215802133083343, "train/loss": 1.6448424506187438, "train/grad_norm": 11.514350299835206, "learning_rate": 0.001182818, "momentum": 0.9, "_timestamp": 1648543821, "_runtime": 1625, "_step": 592, "val/bbox_mAP": 0.026, "val/bbox_mAP_50": 0.063, "val/bbox_mAP_75": 0.016, "val/bbox_mAP_s": 0.0, "val/bbox_mAP_m": 0.002, "val/bbox_mAP_l": 0.034}