{"train/loss_cls": 0.6036605525016785, "train/loss_bbox": 0.6647057002782821, "train/loss_dfl": 0.38357719898223874, "train/loss": 1.651943440437317, "train/grad_norm": 11.551421871185303, "learning_rate": 0.001182818, "momentum": 0.9, "_timestamp": 1648541542, "_runtime": 1640, "_step": 592, "val/bbox_mAP": 0.023, "val/bbox_mAP_50": 0.055, "val/bbox_mAP_75": 0.014, "val/bbox_mAP_s": 0.0, "val/bbox_mAP_m": 0.004, "val/bbox_mAP_l": 0.031}