{"train/loss_cls": 0.2890365567803383, "train/loss_bbox": 0.23661315321922302, "train/loss_dfl": 0.2002267763018608, "train/loss": 0.725876487493515, "train/grad_norm": 7.105207986831665, "learning_rate": 2.0000000000000005e-05, "momentum": 0.9, "_timestamp": 1648573786, "_runtime": 27521, "_step": 9841, "val/bbox_mAP": 0.442, "val/bbox_mAP_50": 0.576, "val/bbox_mAP_75": 0.467, "val/bbox_mAP_s": 0.014, "val/bbox_mAP_m": 0.121, "val/bbox_mAP_l": 0.52, "_wandb": {"runtime": 27521}}