{"train/loss_cls": 0.6367050087451935, "train/loss_bbox": 0.5418409931659699, "train/loss_dfl": 0.32544243186712263, "train/loss": 1.503988435268402, "train/grad_norm": 5.755710206031799, "learning_rate": 0.004365635, "momentum": 0.9, "_timestamp": 1648843512, "_runtime": 3586, "_step": 875, "val/bbox_mAP": 0.054, "val/bbox_mAP_50": 0.089, "val/bbox_mAP_75": 0.059, "val/bbox_mAP_s": 0.0, "val/bbox_mAP_m": 0.007, "val/bbox_mAP_l": 0.068}