{"train/loss_cls": 0.36438016340136525, "train/loss_bbox": 0.2621205459535122, "train/loss_dfl": 0.2125192955136299, "train/loss": 0.8390200012922286, "train/grad_norm": 5.150474619865418, "learning_rate": 5.000000000000001e-05, "momentum": 0.9, "_timestamp": 1649241119, "_runtime": 86983, "_step": 55059, "val/bbox_mAP": 0.461, "val/bbox_mAP_50": 0.604, "val/bbox_mAP_75": 0.477, "val/bbox_mAP_s": 0.009, "val/bbox_mAP_m": 0.125, "val/bbox_mAP_l": 0.542}