{"train/loss_cls": 0.6201523810625076, "train/loss_bbox": 0.550456862449646, "train/loss_dfl": 0.3356350862979889, "train/loss": 1.506244330406189, "train/grad_norm": 9.64489649772644, "learning_rate": 0.001682318, "momentum": 0.9, "_timestamp": 1648546162, "_runtime": 2230, "_step": 842, "val/bbox_mAP": 0.024, "val/bbox_mAP_50": 0.062, "val/bbox_mAP_75": 0.015, "val/bbox_mAP_s": 0.0, "val/bbox_mAP_m": 0.001, "val/bbox_mAP_l": 0.031}