{"train/loss_rpn_cls": 0.15060481056571007, "train/loss_rpn_bbox": 0.05507789143361151, "train/s0.loss_cls": 0.2406659898161888, "train/s0.acc": 95.56249740600586, "train/s0.loss_bbox": 0.15723189741373061, "train/s1.loss_cls": 0.07005122747272254, "train/s1.acc": 97.74739334106445, "train/s1.loss_bbox": 0.02411327329464257, "train/s2.loss_cls": 0.02230392338708043, "train/s2.acc": 98.72395568847656, "train/s2.loss_bbox": 0.0027980487744207493, "train/loss": 0.7228470662236214, "learning_rate": 5.9840200000000003e-05, "momentum": 0.9, "_timestamp": 1648796967, "_runtime": 555, "_step": 300}