{"train/loss_cls": 0.5077165865898132, "train/loss_bbox": 0.3399601846933365, "train/loss_dfl": 0.2359435451030731, "train/loss": 1.0836203265190125, "train/grad_norm": 5.410254397392273, "learning_rate": 0.00412362888462425, "momentum": 0.9, "_timestamp": 1648795152, "_runtime": 20975, "_step": 5862, "val/bbox_mAP": 0.269, "val/bbox_mAP_50": 0.377, "val/bbox_mAP_75": 0.291, "val/bbox_mAP_s": 0.005, "val/bbox_mAP_m": 0.107, "val/bbox_mAP_l": 0.321}