{"train/loss_rpn_cls": 29.470233422517776, "train/loss_rpn_bbox": 83.6950397280883, "train/s0.loss_cls": 0.5169044268131257, "train/s0.acc": 97.51171875, "train/s0.loss_bbox": 0.03631786254773488, "train/s1.loss_cls": 0.24550072103738785, "train/s1.acc": 98.3984375, "train/s1.loss_bbox": 0.009563219692788038, "train/s2.loss_cls": 0.8558181676268578, "train/s2.acc": 98.630859375, "train/s2.loss_bbox": 0.022900765931358365, "train/loss": 114.85227610468864, "learning_rate": 0.005, "momentum": 0.9, "_timestamp": 1649270278, "_runtime": 2306, "_step": 750}