{"train/loss_cls": 0.3439663326740265, "train/loss_bbox": 0.2351801484823227, "train/loss_dfl": 0.20131463915109635, "train/loss": 0.780461123585701, "train/grad_norm": 6.752035088539124, "learning_rate": 2.0000000000000005e-05, "momentum": 0.9, "_timestamp": 1648626306, "_runtime": 44050, "_step": 12108, "val/bbox_mAP": 0.473, "val/bbox_mAP_50": 0.607, "val/bbox_mAP_75": 0.49, "val/bbox_mAP_s": 0.01, "val/bbox_mAP_m": 0.138, "val/bbox_mAP_l": 0.551}