{"train/pos_loss": 0.07668889049440622, "train/neg_loss": 0.02411878790706396, "train/loss_bbox": 0.2019438537955284, "train/s0.loss_cls": 0.16228854946792126, "train/s0.acc": 94.87984405517578, "train/s0.loss_bbox": 0.05460893094539642, "train/s1.loss_cls": 0.07722831510007382, "train/s1.acc": 95.00619735717774, "train/s1.loss_bbox": 0.05444365419447422, "train/s2.loss_cls": 0.034670063909143206, "train/s2.acc": 95.4777848815918, "train/s2.loss_bbox": 0.025605314783751963, "train/loss": 0.711596365571022, "train/grad_norm": 4.69622841835022, "learning_rate": 5.000000000000001e-05, "momentum": 0.9, "_timestamp": 1648903331, "_runtime": 53747, "_step": 14571, "val/bbox_mAP": 0.472, "val/bbox_mAP_50": 0.586, "val/bbox_mAP_75": 0.511, "val/bbox_mAP_s": 0.015, "val/bbox_mAP_m": 0.149, "val/bbox_mAP_l": 0.548}