{"train/loss_rpn_cls": 0.10236004929989577, "train/loss_rpn_bbox": 0.04146852619363926, "train/s0.loss_cls": 0.36176463186740876, "train/s0.acc": 90.76041442871093, "train/s0.loss_bbox": 0.2601176530867815, "train/s1.loss_cls": 0.1710846519470215, "train/s1.acc": 91.01815338134766, "train/s1.loss_bbox": 0.0917841611802578, "train/s2.loss_cls": 0.07408258691430092, "train/s2.acc": 92.31043518066406, "train/s2.loss_bbox": 0.02956037303432822, "train/loss": 1.132222628593445, "learning_rate": 0.0001, "momentum": 0.9, "_timestamp": 1648824430, "_runtime": 26106, "_step": 11238, "val/bbox_mAP": 0.052, "val/bbox_mAP_50": 0.087, "val/bbox_mAP_75": 0.052, "val/bbox_mAP_s": 0.0, "val/bbox_mAP_m": 0.007, "val/bbox_mAP_l": 0.066}