{"train/loss_cls": 0.19183842420578004, "train/loss_bbox": 0.29674293093383314, "train/loss_centerness": 0.5985768175125122, "train/loss": 1.0871581721305847, "train/grad_norm": 10.303803730010987, "learning_rate": 1.2325573223246508e-07, "momentum": 0.9, "_timestamp": 1649131645, "_runtime": 77868, "_step": 39341, "val/bbox_mAP": 0.494, "val/bbox_mAP_50": 0.645, "val/bbox_mAP_75": 0.517, "val/bbox_mAP_s": 0.011, "val/bbox_mAP_m": 0.175, "val/bbox_mAP_l": 0.571, "_wandb": {"runtime": 77868}}