{"train/loss_cls": 0.6541116887331009, "train/loss_bbox": 0.6022999626398087, "train/loss_dfl": 0.34122172206640244, "train/loss": 1.5976333832740783, "train/grad_norm": 461.0176913189888, "learning_rate": 0.0002, "momentum": 0.9, "_timestamp": 1648773762, "_runtime": 33664, "_step": 9056, "val/bbox_mAP": 0.025, "val/bbox_mAP_50": 0.047, "val/bbox_mAP_75": 0.024, "val/bbox_mAP_s": 0.003, "val/bbox_mAP_m": 0.004, "val/bbox_mAP_l": 0.033}