{"train/loss_rpn_cls": 0.3630738584697247, "train/loss_rpn_bbox": 0.044011775329709055, "train/s0.loss_cls": 0.638243792951107, "train/s0.acc": 88.06777496337891, "train/s0.loss_bbox": 0.07825622537243816, "train/s1.loss_cls": 0.2892354293912649, "train/s1.acc": 86.15199005126954, "train/s1.loss_bbox": 0.025321788218425356, "train/s2.loss_cls": 0.158446345012635, "train/s2.acc": 81.74398681640625, "train/s2.loss_bbox": 0.003732013653287254, "train/loss": 1.6003212121129036, "train/grad_norm": 15.3709206700325, "learning_rate": 0.0019780399999999986, "momentum": 0.9, "_timestamp": 1649245813, "_runtime": 162, "_step": 50}