{"train/loss_cls": 0.31869045466184615, "train/loss_bbox": 0.19976141020655633, "train/loss_dfl": 0.18840355396270753, "train/loss": 0.7068554162979126, "train/grad_norm": 5.111762762069702, "learning_rate": 5.000000000000001e-05, "momentum": 0.9, "_timestamp": 1648702058, "_runtime": 54822, "_step": 14860, "val/bbox_mAP": 0.486, "val/bbox_mAP_50": 0.614, "val/bbox_mAP_75": 0.512, "val/bbox_mAP_s": 0.023, "val/bbox_mAP_m": 0.136, "val/bbox_mAP_l": 0.57}