{"train/loss_rpn_cls": 0.28409435257315635, "train/loss_rpn_bbox": 0.03887491463217884, "train/s0.loss_cls": 0.18265573158860207, "train/s0.acc": 97.27734375, "train/s0.loss_bbox": 0.03480273634068908, "train/s1.loss_cls": 0.06833827732130886, "train/s1.acc": 98.08203125, "train/s1.loss_bbox": 0.012863180130262322, "train/s2.loss_cls": 0.027958039240911604, "train/s2.acc": 98.484375, "train/s2.loss_bbox": 0.0018023167450559186, "train/loss": 0.6513895502686501, "train/grad_norm": 0.06842727638781071, "learning_rate": 0.02, "momentum": 0.9, "_timestamp": 1649264183, "_runtime": 17592, "_step": 5024, "val/bbox_mAP": 0.0, "val/bbox_mAP_50": 0.0, "val/bbox_mAP_75": 0.0, "val/bbox_mAP_s": 0.0, "val/bbox_mAP_m": 0.0, "val/bbox_mAP_l": 0.0}