{"train/loss_rpn_cls": 853317.9579147458, "train/loss_rpn_bbox": 297063.8191724515, "train/s0.loss_cls": 31398588.374296874, "train/s0.acc": 20.180900292396544, "train/s0.loss_bbox": 75242344.1027539, "train/s1.loss_cls": 95625807.79573487, "train/s1.acc": 27.763208084106445, "train/s1.loss_bbox": 74552921.6011255, "train/s2.loss_cls": 69604511.6346633, "train/s2.acc": 28.412073249816896, "train/s2.loss_bbox": 42693082.2713189, "train/loss": 390267640.5240625, "train/grad_norm": Infinity, "learning_rate": 0.02, "momentum": 0.9, "_timestamp": 1649266065, "_runtime": 1759, "_step": 550}