{"train/pos_loss": 0.06705526076169917, "train/neg_loss": 0.023620312670245766, "train/loss_bbox": 0.17666915036737918, "train/s0.loss_cls": 0.18099946549162269, "train/s0.acc": 93.90567565917969, "train/s0.loss_bbox": 0.06367292166687548, "train/s1.loss_cls": 0.08522327301092446, "train/s1.acc": 94.48305191040039, "train/s1.loss_bbox": 0.05822976103052497, "train/s2.loss_cls": 0.03636325592873618, "train/s2.acc": 95.64932174682617, "train/s2.loss_bbox": 0.025252901185303926, "train/loss": 0.7170863011479378, "train/grad_norm": 4.320839095115661, "learning_rate": 5.000000000000001e-05, "momentum": 0.9, "_timestamp": 1649009003, "_runtime": 101247, "_step": 70345, "val/bbox_mAP": 0.486, "val/bbox_mAP_50": 0.615, "val/bbox_mAP_75": 0.521, "val/bbox_mAP_s": 0.006, "val/bbox_mAP_m": 0.142, "val/bbox_mAP_l": 0.567}