{"train/loss_rpn_cls": 0.09590411104261876, "train/loss_rpn_bbox": 0.036766748623922464, "train/s0.loss_cls": 0.3298266126215458, "train/s0.acc": 92.02343490600586, "train/s0.loss_bbox": 0.2720790396630764, "train/s1.loss_cls": 0.13330352060496808, "train/s1.acc": 93.52734130859375, "train/s1.loss_bbox": 0.08319043401628733, "train/s2.loss_cls": 0.04409528207033873, "train/s2.acc": 96.05598754882813, "train/s2.loss_bbox": 0.01716827180236578, "train/loss": 1.0123340129852294, "train/grad_norm": 2.042954568862915, "learning_rate": 0.005, "momentum": 0.9, "_timestamp": 1648839195, "_runtime": 14564, "_step": 6544, "val/bbox_mAP": 0.017, "val/bbox_mAP_50": 0.037, "val/bbox_mAP_75": 0.015, "val/bbox_mAP_s": 0.0, "val/bbox_mAP_m": 0.003, "val/bbox_mAP_l": 0.022}