{"train/loss_rpn_cls": 59097983959.2909, "train/loss_rpn_bbox": 66708386323.37727, "train/s0.loss_cls": 3260599822520.32, "train/s0.acc": 19.785366263389587, "train/s0.loss_bbox": 3318830871691.52, "train/s1.loss_cls": 751929867756.2969, "train/s1.acc": 42.947404594421386, "train/s1.loss_bbox": 923844777970.4, "train/s2.loss_cls": 655233249390.4, "train/s2.acc": 43.45528957366943, "train/s2.loss_bbox": 100834904636.7, "train/loss": 9137079663329.28, "train/grad_norm": Infinity, "learning_rate": 0.015964040000000002, "momentum": 0.9, "_timestamp": 1649267514, "_runtime": 1259, "_step": 400}