{"train/loss_cls": 0.44462301015853883, "train/loss_bbox": 0.4550648355484009, "train/loss_centerness": 0.604737731218338, "train/loss": 1.5044255757331848, "train/grad_norm": 4.525065774917603, "learning_rate": 0.005, "momentum": 0.9, "_timestamp": 1649052064, "_runtime": 17415, "_step": 8768, "val/bbox_mAP": 0.077, "val/bbox_mAP_50": 0.129, "val/bbox_mAP_75": 0.085, "val/bbox_mAP_s": 0.001, "val/bbox_mAP_m": 0.015, "val/bbox_mAP_l": 0.097}