{"train/loss_rpn_cls": 0.15726090773940085, "train/loss_rpn_bbox": 0.05807825887575745, "train/s0.loss_cls": 0.3053740741312504, "train/s0.acc": 94.15270492553711, "train/s0.loss_bbox": 0.21568271927535534, "train/s1.loss_cls": 0.0839021560549736, "train/s1.acc": 97.26151168823242, "train/s1.loss_bbox": 0.029976009698584674, "train/s2.loss_cls": 0.0258859627135098, "train/s2.acc": 98.49674057006835, "train/s2.loss_bbox": 0.003276056587783387, "train/loss": 0.87943612575531, "learning_rate": 9.98002e-05, "momentum": 0.9, "_timestamp": 1648798176, "_runtime": 1010, "_step": 500}