{"train/loss_cls": 0.4101580688357353, "train/loss_bbox": 0.4421020016074181, "train/loss_centerness": 0.6059054327011109, "train/loss": 1.4581655025482179, "train/grad_norm": 15.529398374557495, "learning_rate": 1.9510565260838504e-05, "momentum": 0.9, "_timestamp": 1649153571, "_runtime": 8758, "_step": 4334, "val/bbox_mAP": 0.107, "val/bbox_mAP_50": 0.185, "val/bbox_mAP_75": 0.111, "val/bbox_mAP_s": 0.002, "val/bbox_mAP_m": 0.019, "val/bbox_mAP_l": 0.133}