{"train/loss_cls": 0.6554266309738159, "train/loss_bbox": 0.6515571743249893, "train/loss_dfl": 0.3599998950958252, "train/loss": 1.6669837021827698, "train/grad_norm": 11.493021261096, "learning_rate": 0.0038062583493257544, "momentum": 0.9, "_timestamp": 1648739988, "_runtime": 24956, "_step": 6646, "val/bbox_mAP": 0.022, "val/bbox_mAP_50": 0.042, "val/bbox_mAP_75": 0.021, "val/bbox_mAP_s": 0.0, "val/bbox_mAP_m": 0.006, "val/bbox_mAP_l": 0.029}